id,time_step,position_x,position_y,lane_number,speed,acceleration
5024071216,1.0,87.55221090914353,-2.0000000000000164,0,3.6668525710967903,<bound method PedestrianAwareIDMVehicle.acceleration of PedestrianAwareIDMVehicle #216: [41.00002451 -2.00000002]>
4970127456,1.0,64.43998888928391,-2.000000000000012,0,3.4578673396652175,<bound method PedestrianAwareIDMVehicle.acceleration of PedestrianAwareIDMVehicle #456: [34.00000004 -2.00000007]>
4792513888,1.0,-2.000000000000008,-51.60788393672605,0,3.8031964065357955,<bound method PedestrianAwareIDMVehicle.acceleration of PedestrianAwareIDMVehicle #888: [-5.9999999  59.57795756]>
5024137392,1.0,-35.71629340562033,2.0000000000000027,0,3.140777782599447,<bound method PedestrianAwareIDMVehicle.acceleration of PedestrianAwareIDMVehicle #392: [-27.           1.99999996]>
5024137488,1.0,2.0,27.79609598411864,0,0.7410899057691315,<bound method PedestrianAwareIDMVehicle.acceleration of PedestrianAwareIDMVehicle #488: [97.23628477  2.00000002]>
5024070352,1.0,46.806083109700346,-2.000000000000009,0,3.713053675411813,<bound method PedestrianAwareIDMVehicle.acceleration of PedestrianAwareIDMVehicle #352: [27.         -1.99999994]>
4777690176,1.0,2.0,43.84307036089599,0,2.9617645039731784,<bound method IDMVehicle.acceleration of IDMVehicle #176: [-43.88139516  -5.99934935]>
5024071216,2.0,83.89577532512594,-2.0000000000000155,0,3.651063172366683,<bound method PedestrianAwareIDMVehicle.acceleration of PedestrianAwareIDMVehicle #216: [41.00002451 -2.00000002]>
4970127456,2.0,60.99917243117559,-2.0000000000000115,0,3.4404807127334203,<bound method PedestrianAwareIDMVehicle.acceleration of PedestrianAwareIDMVehicle #456: [34.00000004 -2.00000007]>
4792513888,2.0,-2.000000000000008,-47.83045231529537,0,3.7450079547796156,<bound method PedestrianAwareIDMVehicle.acceleration of PedestrianAwareIDMVehicle #888: [-5.9999999  59.57795756]>
5024137392,2.0,-32.764544574251445,2.0000000000000027,0,2.704634193396002,<bound method PedestrianAwareIDMVehicle.acceleration of PedestrianAwareIDMVehicle #392: [-27.           1.99999996]>
5024137488,2.0,2.0,27.28836873699531,0,0.29894911545673647,<bound method PedestrianAwareIDMVehicle.acceleration of PedestrianAwareIDMVehicle #488: [97.23628477  2.00000002]>
5024070352,2.0,43.14596977542519,-2.000000000000008,0,3.601081077121037,<bound method PedestrianAwareIDMVehicle.acceleration of PedestrianAwareIDMVehicle #352: [27.         -1.99999994]>
4777690176,2.0,2.0,41.25295055677809,0,2.270288176861772,<bound method IDMVehicle.acceleration of IDMVehicle #176: [-43.88139516  -5.99934935]>
4819841968,2.0,108.06271015788408,-2.00000000000002,0,3.742771092248763,<bound method PedestrianAwareIDMVehicle.acceleration of PedestrianAwareIDMVehicle #968: [48.00136323 -1.99995483]>
5024071216,3.0,80.24772543747322,-2.000000000000015,0,3.644612903499689,<bound method PedestrianAwareIDMVehicle.acceleration of PedestrianAwareIDMVehicle #216: [41.00002451 -2.00000002]>
4970127456,3.0,57.55660707752396,-2.0000000000000107,0,3.442928408552859,<bound method PedestrianAwareIDMVehicle.acceleration of PedestrianAwareIDMVehicle #456: [34.00000004 -2.00000007]>
4792513888,3.0,-2.0000000000000067,-43.87187333775643,0,3.999947462422306,<bound method PedestrianAwareIDMVehicle.acceleration of PedestrianAwareIDMVehicle #888: [-5.9999999  59.57795756]>
5024137392,3.0,-30.342670513802684,2.000000000000002,0,2.0608740475378404,<bound method PedestrianAwareIDMVehicle.acceleration of PedestrianAwareIDMVehicle #392: [-27.           1.99999996]>
5024137488,3.0,2.0,24.670079375267154,0,3.971848312755286,<bound method PedestrianAwareIDMVehicle.acceleration of PedestrianAwareIDMVehicle #488: [97.23628477  2.00000002]>
5024070352,3.0,39.61101063945503,-2.0000000000000075,0,3.447184177453441,<bound method PedestrianAwareIDMVehicle.acceleration of PedestrianAwareIDMVehicle #352: [27.         -1.99999994]>
4777690176,3.0,2.0,39.078371694667034,0,2.2901321089548996,<bound method IDMVehicle.acceleration of IDMVehicle #176: [-43.88139516  -5.99934935]>
4819841968,3.0,104.3342365822493,-2.0000000000000195,0,3.724633514627752,<bound method PedestrianAwareIDMVehicle.acceleration of PedestrianAwareIDMVehicle #968: [48.00136323 -1.99995483]>
5024071216,4.0,76.60621578069328,-2.000000000000014,0,3.637848047041136,<bound method PedestrianAwareIDMVehicle.acceleration of PedestrianAwareIDMVehicle #216: [41.00002451 -2.00000002]>
4970127456,4.0,54.117809385033624,-2.00000000000001,0,3.4308617701584163,<bound method PedestrianAwareIDMVehicle.acceleration of PedestrianAwareIDMVehicle #456: [34.00000004 -2.00000007]>
4792513888,4.0,-2.0000000000000067,-39.87188130668394,0,3.999999991094078,<bound method PedestrianAwareIDMVehicle.acceleration of PedestrianAwareIDMVehicle #888: [-5.9999999  59.57795756]>
5024137392,4.0,-28.642551141056423,2.0000000000000018,0,1.2844123520815809,<bound method PedestrianAwareIDMVehicle.acceleration of PedestrianAwareIDMVehicle #392: [-27.           1.99999996]>
5024137488,4.0,2.0,20.674592812469196,0,3.9999915971297177,<bound method PedestrianAwareIDMVehicle.acceleration of PedestrianAwareIDMVehicle #488: [97.23628477  2.00000002]>
5024070352,4.0,36.268541730068655,-2.0000000000000067,0,3.201938470808762,<bound method PedestrianAwareIDMVehicle.acceleration of PedestrianAwareIDMVehicle #352: [27.         -1.99999994]>
4777690176,4.0,2.0,36.57415502626199,0,2.7100342071309234,<bound method IDMVehicle.acceleration of IDMVehicle #176: [-43.88139516  -5.99934935]>
4819841968,4.0,100.61056740195625,-2.0000000000000187,0,3.7225505998242734,<bound method PedestrianAwareIDMVehicle.acceleration of PedestrianAwareIDMVehicle #968: [48.00136323 -1.99995483]>
5024071216,5.0,72.97190771176754,-2.0000000000000138,0,3.629963311451648,<bound method PedestrianAwareIDMVehicle.acceleration of PedestrianAwareIDMVehicle #216: [41.00002451 -2.00000002]>
4970127456,5.0,50.70123483320908,-2.0000000000000093,0,3.3946318053968647,<bound method PedestrianAwareIDMVehicle.acceleration of PedestrianAwareIDMVehicle #456: [34.00000004 -2.00000007]>
4792513888,5.0,-2.0000000000000067,-35.871881308034766,0,3.99999999999849,<bound method PedestrianAwareIDMVehicle.acceleration of PedestrianAwareIDMVehicle #888: [-5.9999999  59.57795756]>
5024137392,5.0,-27.68271990418982,2.0000000000000027,0,0.633273643092434,<bound method PedestrianAwareIDMVehicle.acceleration of PedestrianAwareIDMVehicle #392: [-27.           1.99999996]>
5024137488,5.0,4.2376678604802835,17.99128865594781,0,3.9999999975398133,<bound method PedestrianAwareIDMVehicle.acceleration of PedestrianAwareIDMVehicle #488: [97.23628477  2.00000002]>
5024070352,5.0,33.23632416543249,-2.000000000000006,0,2.804737395099907,<bound method PedestrianAwareIDMVehicle.acceleration of PedestrianAwareIDMVehicle #352: [27.         -1.99999994]>
4777690176,5.0,2.0,33.77232583709946,0,2.794938157010717,<bound method IDMVehicle.acceleration of IDMVehicle #176: [-43.88139516  -5.99934935]>
4819841968,5.0,96.88904337805349,-2.0000000000000178,0,3.7203180457982628,<bound method PedestrianAwareIDMVehicle.acceleration of PedestrianAwareIDMVehicle #968: [48.00136323 -1.99995483]>
4830955808,5.0,-107.05975978163066,2.0000000000000067,0,3.969688028065291,<bound method PedestrianAwareIDMVehicle.acceleration of PedestrianAwareIDMVehicle #808: [-34.07218401   1.99779467]>
5024071216,6.0,69.34653452510015,-2.000000000000013,0,3.6194615973210973,<bound method PedestrianAwareIDMVehicle.acceleration of PedestrianAwareIDMVehicle #216: [41.00002451 -2.00000002]>
4970127456,6.0,47.33920436200651,-2.000000000000009,0,3.3142625340052803,<bound method PedestrianAwareIDMVehicle.acceleration of PedestrianAwareIDMVehicle #456: [34.00000004 -2.00000007]>
4792513888,6.0,-2.0000000000000053,-31.871881308034993,0,3.9999999999999996,<bound method PedestrianAwareIDMVehicle.acceleration of PedestrianAwareIDMVehicle #888: [-5.9999999  59.57795756]>
5024137392,6.0,-27.247074931589577,1.9999999982271643,0,0.25706433094594405,<bound method PedestrianAwareIDMVehicle.acceleration of PedestrianAwareIDMVehicle #392: [-27.           1.99999996]>
5024137488,6.0,6.294932953144298,14.6805087512644,0,3.9999999999992797,<bound method PedestrianAwareIDMVehicle.acceleration of PedestrianAwareIDMVehicle #488: [97.23628477  2.00000002]>
5024070352,6.0,30.69825600793932,-2.0000000000000058,0,2.1928312630212514,<bound method PedestrianAwareIDMVehicle.acceleration of PedestrianAwareIDMVehicle #352: [27.         -1.99999994]>
4777690176,6.0,2.0,30.40692008601192,0,3.99815829837761,<bound method IDMVehicle.acceleration of IDMVehicle #176: [-43.88139516  -5.99934935]>
4819841968,6.0,93.16984959898409,-2.0000000000000173,0,3.717859680948052,<bound method PedestrianAwareIDMVehicle.acceleration of PedestrianAwareIDMVehicle #968: [48.00136323 -1.99995483]>
4830955808,6.0,-103.09300856248952,2.0000000000000067,0,3.9644271260178887,<bound method PedestrianAwareIDMVehicle.acceleration of PedestrianAwareIDMVehicle #808: [-34.07218401   1.99779467]>
5024071216,7.0,65.73394803625966,-2.0000000000000124,0,3.603324277657048,<bound method PedestrianAwareIDMVehicle.acceleration of PedestrianAwareIDMVehicle #216: [41.00002451 -2.00000002]>
4970127456,7.0,44.091682398905824,-2.0000000000000084,0,3.1522140595639034,<bound method PedestrianAwareIDMVehicle.acceleration of PedestrianAwareIDMVehicle #456: [34.00000004 -2.00000007]>
4792513888,7.0,-2.0000000000000053,-27.871881308035007,0,3.9999999999999996,<bound method PedestrianAwareIDMVehicle.acceleration of PedestrianAwareIDMVehicle #888: [-5.9999999  59.57795756]>
5024137392,7.0,-27.094465910664915,2.00189790037229,0,0.09486069582879599,<bound method PedestrianAwareIDMVehicle.acceleration of PedestrianAwareIDMVehicle #392: [-27.           1.99999996]>
5024137488,7.0,8.531704454143666,11.372418784445728,0,3.9999999999999996,<bound method PedestrianAwareIDMVehicle.acceleration of PedestrianAwareIDMVehicle #488: [97.23628477  2.00000002]>
5024070352,7.0,28.86297770926628,-2.0000000000000053,0,1.4143634450424227,<bound method PedestrianAwareIDMVehicle.acceleration of PedestrianAwareIDMVehicle #352: [27.         -1.99999994]>
4777690176,7.0,2.0,26.40715040463239,0,3.999999980003053,<bound method IDMVehicle.acceleration of IDMVehicle #176: [-43.88139516  -5.99934935]>
4819841968,7.0,89.4532686498764,-2.0000000000000164,0,3.715035087000522,<bound method PedestrianAwareIDMVehicle.acceleration of PedestrianAwareIDMVehicle #968: [48.00136323 -1.99995483]>
4830955808,7.0,-99.1305415438723,2.000000000000006,0,3.9601419009110783,<bound method PedestrianAwareIDMVehicle.acceleration of PedestrianAwareIDMVehicle #808: [-34.07218401   1.99779467]>
4791743648,7.0,-2.0000000000000138,-106.89453958670606,0,3.978207429805073,<bound method PedestrianAwareIDMVehicle.acceleration of PedestrianAwareIDMVehicle #648: [ -1.48339192 -15.0361935 ]>
5024071216,8.0,62.14223872380405,-2.0000000000000115,0,3.5755952987706605,<bound method PedestrianAwareIDMVehicle.acceleration of PedestrianAwareIDMVehicle #216: [41.00002451 -2.00000002]>
4970127456,8.0,41.06559928745108,-2.0000000000000075,0,2.851326551682574,<bound method PedestrianAwareIDMVehicle.acceleration of PedestrianAwareIDMVehicle #456: [34.00000004 -2.00000007]>
4792513888,8.0,-2.0000000000000053,-23.87188130803502,0,3.9999999999999996,<bound method PedestrianAwareIDMVehicle.acceleration of PedestrianAwareIDMVehicle #888: [-5.9999999  59.57795756]>
5024137392,8.0,-27.044759998380382,1.9988289487636686,0,0.04175863715552833,<bound method PedestrianAwareIDMVehicle.acceleration of PedestrianAwareIDMVehicle #392: [-27.           1.99999996]>
5024137488,8.0,11.482392903738077,8.689558898904815,0,3.9999999999999996,<bound method PedestrianAwareIDMVehicle.acceleration of PedestrianAwareIDMVehicle #488: [97.23628477  2.00000002]>
5024070352,8.0,27.791516875990094,-2.000000000000005,0,0.7197878751191361,<bound method PedestrianAwareIDMVehicle.acceleration of PedestrianAwareIDMVehicle #352: [27.         -1.99999994]>
4777690176,8.0,2.0,22.40715040713198,0,3.9999999999997833,<bound method IDMVehicle.acceleration of IDMVehicle #176: [-43.88139516  -5.99934935]>
4819841968,8.0,85.73978660710897,-2.000000000000016,0,3.71154986290044,<bound method PedestrianAwareIDMVehicle.acceleration of PedestrianAwareIDMVehicle #968: [48.00136323 -1.99995483]>
4830955808,8.0,-95.17260346053767,2.000000000000006,0,3.9552969233823077,<bound method PedestrianAwareIDMVehicle.acceleration of PedestrianAwareIDMVehicle #808: [-34.07218401   1.99779467]>
4791743648,8.0,-2.0000000000000133,-102.91847668945121,0,3.975687843255632,<bound method PedestrianAwareIDMVehicle.acceleration of PedestrianAwareIDMVehicle #648: [ -1.48339192 -15.0361935 ]>
5024071216,9.0,58.587725798941314,-2.000000000000011,0,3.5248431483343463,<bound method PedestrianAwareIDMVehicle.acceleration of PedestrianAwareIDMVehicle #216: [41.00002451 -2.00000002]>
4970127456,9.0,38.43038228397511,-2.000000000000007,0,2.3479595667284876,<bound method PedestrianAwareIDMVehicle.acceleration of PedestrianAwareIDMVehicle #456: [34.00000004 -2.00000007]>
4792513888,9.0,-2.000000000000004,-19.871881308035036,0,3.9999999999999996,<bound method PedestrianAwareIDMVehicle.acceleration of PedestrianAwareIDMVehicle #888: [-5.9999999  59.57795756]>
5024137392,9.0,-27.0219150292166,2.000208611008952,0,0.020046510771088273,<bound method PedestrianAwareIDMVehicle.acceleration of PedestrianAwareIDMVehicle #392: [-27.           1.99999996]>
5024137488,9.0,15.065383791510754,6.944491789155993,0,3.9999999999999996,<bound method PedestrianAwareIDMVehicle.acceleration of PedestrianAwareIDMVehicle #488: [97.23628477  2.00000002]>
5024070352,9.0,27.291471630219252,-2.00000000001595,0,0.2990832568826911,<bound method PedestrianAwareIDMVehicle.acceleration of PedestrianAwareIDMVehicle #352: [27.         -1.99999994]>
4777690176,9.0,1.9610181526566282,18.408231325999363,0,4.0,<bound method IDMVehicle.acceleration of IDMVehicle #176: [-43.88139516  -5.99934935]>
4819841968,9.0,82.03030946193601,-2.000000000000015,0,3.706803519709797,<bound method PedestrianAwareIDMVehicle.acceleration of PedestrianAwareIDMVehicle #968: [48.00136323 -1.99995483]>
4830955808,9.0,-91.21987591501423,2.000000000000006,0,3.949618872963737,<bound method PedestrianAwareIDMVehicle.acceleration of PedestrianAwareIDMVehicle #808: [-34.07218401   1.99779467]>
4791743648,9.0,-2.0000000000000133,-98.9427822026546,0,3.9757024182951284,<bound method PedestrianAwareIDMVehicle.acceleration of PedestrianAwareIDMVehicle #648: [ -1.48339192 -15.0361935 ]>
5024071216,10.0,55.10226805684766,-2.00000000000001,0,3.430042190069247,<bound method PedestrianAwareIDMVehicle.acceleration of PedestrianAwareIDMVehicle #216: [41.00002451 -2.00000002]>
4970127456,10.0,36.39951870063503,-2.0000000000000067,0,1.641043790594664,<bound method PedestrianAwareIDMVehicle.acceleration of PedestrianAwareIDMVehicle #456: [34.00000004 -2.00000007]>
4792513888,10.0,-2.000000000000004,-15.87188130803505,0,3.9999999999999996,<bound method PedestrianAwareIDMVehicle.acceleration of PedestrianAwareIDMVehicle #888: [-5.9999999  59.57795756]>
5024137392,10.0,-27.01081685834891,2.0004410808929887,0,0.009850109574361289,<bound method PedestrianAwareIDMVehicle.acceleration of PedestrianAwareIDMVehicle #392: [-27.           1.99999996]>
5024137488,10.0,17.793687279910262,4.4966054170896745,0,3.9999999999999996,<bound method PedestrianAwareIDMVehicle.acceleration of PedestrianAwareIDMVehicle #488: [97.23628477  2.00000002]>
5024070352,10.0,27.105205316662563,-1.9969731890257998,0,0.1089661538847004,<bound method PedestrianAwareIDMVehicle.acceleration of PedestrianAwareIDMVehicle #352: [27.         -1.99999994]>
4777690176,10.0,1.3516785096346233,14.459503853412802,0,4.0,<bound method IDMVehicle.acceleration of IDMVehicle #176: [-43.88139516  -5.99934935]>
4819841968,10.0,78.32659273854473,-2.0000000000000147,0,3.699591390423196,<bound method PedestrianAwareIDMVehicle.acceleration of PedestrianAwareIDMVehicle #968: [48.00136323 -1.99995483]>
4830955808,10.0,-87.2733201576033,2.0000000000000058,0,3.9428314130904747,<bound method PedestrianAwareIDMVehicle.acceleration of PedestrianAwareIDMVehicle #808: [-34.07218401   1.99779467]>
4791743648,10.0,-2.000000000000013,-94.96707279611229,0,3.9757173890635005,<bound method PedestrianAwareIDMVehicle.acceleration of PedestrianAwareIDMVehicle #648: [ -1.48339192 -15.0361935 ]>
4970293936,10.0,106.68320069817301,-2.00000000000002,0,3.780482658187024,<bound method PedestrianAwareIDMVehicle.acceleration of PedestrianAwareIDMVehicle #936: [55.05663924 -1.99785989]>
5024071216,11.0,51.744726428149804,-2.0000000000000098,0,3.257028824905105,<bound method PedestrianAwareIDMVehicle.acceleration of PedestrianAwareIDMVehicle #216: [41.00002451 -2.00000002]>
4970127456,11.0,35.1095439040601,-2.0000000000000067,0,0.913041247510305,<bound method PedestrianAwareIDMVehicle.acceleration of PedestrianAwareIDMVehicle #456: [34.00000004 -2.00000007]>
4792513888,11.0,-2.5021109477485552,-12.273978886699679,0,3.5533642591188914,<bound method PedestrianAwareIDMVehicle.acceleration of PedestrianAwareIDMVehicle #888: [-5.9999999  59.57795756]>
5024137392,11.0,-27.005348126209537,1.9999962856051268,0,0.004866431886047405,<bound method PedestrianAwareIDMVehicle.acceleration of PedestrianAwareIDMVehicle #392: [-27.           1.99999996]>
5024137488,11.0,21.274704239772532,2.81981783676256,0,3.9999999999999996,<bound method PedestrianAwareIDMVehicle.acceleration of PedestrianAwareIDMVehicle #488: [97.23628477  2.00000002]>
5024070352,11.0,27.049103390864918,-2.0004470220733857,0,0.04624723799173049,<bound method PedestrianAwareIDMVehicle.acceleration of PedestrianAwareIDMVehicle #352: [27.         -1.99999994]>
4777690176,11.0,0.06737146294203299,10.677057020920035,0,4.0,<bound method IDMVehicle.acceleration of IDMVehicle #176: [-43.88139516  -5.99934935]>
4819841968,11.0,74.63206745004453,-2.0000000000000138,0,3.687582981412162,<bound method PedestrianAwareIDMVehicle.acceleration of PedestrianAwareIDMVehicle #968: [48.00136323 -1.99995483]>
4830955808,11.0,-83.33419196457994,2.0000000000000058,0,3.93460546884624,<bound method PedestrianAwareIDMVehicle.acceleration of PedestrianAwareIDMVehicle #808: [-34.07218401   1.99779467]>
4791743648,11.0,-2.000000000000013,-90.99160328123357,0,3.9748605115752973,<bound method PedestrianAwareIDMVehicle.acceleration of PedestrianAwareIDMVehicle #648: [ -1.48339192 -15.0361935 ]>
4970293936,11.0,102.91989741652482,-2.000000000000019,0,3.7584784031015976,<bound method PedestrianAwareIDMVehicle.acceleration of PedestrianAwareIDMVehicle #936: [55.05663924 -1.99785989]>
5024071216,12.0,48.614280791364465,-2.000000000000009,0,2.9582790005716713,<bound method PedestrianAwareIDMVehicle.acceleration of PedestrianAwareIDMVehicle #216: [41.00002451 -2.00000002]>
4970127456,12.0,34.45213347616179,-1.9999999999999276,0,0.4152789789483824,<bound method PedestrianAwareIDMVehicle.acceleration of PedestrianAwareIDMVehicle #456: [34.00000004 -2.00000007]>
4792513888,12.0,-5.013000723261802,-9.700880236606174,1,3.999800371984278,<bound method PedestrianAwareIDMVehicle.acceleration of PedestrianAwareIDMVehicle #888: [-5.9999999  59.57795756]>
5024137392,12.0,-27.002584865671007,1.999997529162224,0,0.002381700561100799,<bound method PedestrianAwareIDMVehicle.acceleration of PedestrianAwareIDMVehicle #392: [-27.           1.99999996]>
5024137488,12.0,25.24253032412099,2.32936983333266,0,3.9999999999999996,<bound method PedestrianAwareIDMVehicle.acceleration of PedestrianAwareIDMVehicle #488: [97.23628477  2.00000002]>
5024070352,12.0,27.0239442391555,-1.999021896725642,0,0.021957283968033734,<bound method PedestrianAwareIDMVehicle.acceleration of PedestrianAwareIDMVehicle #352: [27.         -1.99999994]>
4777690176,12.0,-1.180825591255736,7.973409263913241,0,-0.26666666666666605,<bound method IDMVehicle.acceleration of IDMVehicle #176: [-43.88139516  -5.99934935]>
4819841968,12.0,70.9533304662746,-2.0000000000000133,0,3.6664450425305413,<bound method PedestrianAwareIDMVehicle.acceleration of PedestrianAwareIDMVehicle #968: [48.00136323 -1.99995483]>
4830955808,12.0,-79.40412447051852,2.0000000000000058,0,3.924499054243522,<bound method PedestrianAwareIDMVehicle.acceleration of PedestrianAwareIDMVehicle #808: [-34.07218401   1.99779467]>
4791743648,12.0,-2.0000000000000124,-86.99878518352475,0,3.9999881142515026,<bound method PedestrianAwareIDMVehicle.acceleration of PedestrianAwareIDMVehicle #648: [ -1.48339192 -15.0361935 ]>
4970293936,12.0,99.16217665196615,-2.000000000000018,0,3.7568046668558726,<bound method PedestrianAwareIDMVehicle.acceleration of PedestrianAwareIDMVehicle #936: [55.05663924 -1.99785989]>
5024071216,13.0,45.86444118427236,-2.0000000000000084,0,2.4735840720224607,<bound method PedestrianAwareIDMVehicle.acceleration of PedestrianAwareIDMVehicle #216: [41.00002451 -2.00000002]>
4970127456,13.0,34.170206975663184,-2.00035144735327,0,0.16501752227755284,<bound method PedestrianAwareIDMVehicle.acceleration of PedestrianAwareIDMVehicle #456: [34.00000004 -2.00000007]>
4792513888,13.0,-5.60138238180215,-5.7472121642434075,1,3.999999966156233,<bound method PedestrianAwareIDMVehicle.acceleration of PedestrianAwareIDMVehicle #888: [-5.9999999  59.57795756]>
5024137392,13.0,-27.00124713374185,2.0000348507236168,0,0.0011497763384984124,<bound method PedestrianAwareIDMVehicle.acceleration of PedestrianAwareIDMVehicle #392: [-27.           1.99999996]>
5024137488,13.0,29.23727587340964,2.131139869306384,0,3.9999999999999996,<bound method PedestrianAwareIDMVehicle.acceleration of PedestrianAwareIDMVehicle #488: [97.23628477  2.00000002]>
5024070352,13.0,27.011806216012037,-2.0000139464614564,0,0.010757518086024376,<bound method PedestrianAwareIDMVehicle.acceleration of PedestrianAwareIDMVehicle #352: [27.         -1.99999994]>
4777690176,13.0,-1.8239598678928648,7.214827261089719,0,2.16752494481129,<bound method IDMVehicle.acceleration of IDMVehicle #176: [-43.88139516  -5.99934935]>
4819841968,13.0,67.30293028448618,-2.0000000000000124,0,3.6278635631871428,<bound method PedestrianAwareIDMVehicle.acceleration of PedestrianAwareIDMVehicle #968: [48.00136323 -1.99995483]>
4830955808,13.0,-75.48526830556861,2.0000000000000053,0,3.911895369481978,<bound method PedestrianAwareIDMVehicle.acceleration of PedestrianAwareIDMVehicle #808: [-34.07218401   1.99779467]>
4791743648,13.0,-2.0000000000000124,-82.99878695818764,0,3.999999998330677,<bound method PedestrianAwareIDMVehicle.acceleration of PedestrianAwareIDMVehicle #648: [ -1.48339192 -15.0361935 ]>
4970293936,13.0,95.40637361323678,-2.0000000000000178,0,3.7544934929533635,<bound method PedestrianAwareIDMVehicle.acceleration of PedestrianAwareIDMVehicle #936: [55.05663924 -1.99785989]>
4970130768,13.0,-2.0000000000000138,-107.16001598463981,0,3.747854536655253,<bound method PedestrianAwareIDMVehicle.acceleration of PedestrianAwareIDMVehicle #768: [ -2.         -43.42167351]>
5024071216,14.0,43.7974992904898,-2.000000000000008,0,0.3293739206402402,<bound method PedestrianAwareIDMVehicle.acceleration of PedestrianAwareIDMVehicle #216: [41.00002451 -2.00000002]>
4970127456,14.0,34.08318508579854,-1.999198594893916,0,0.07084715296888633,<bound method PedestrianAwareIDMVehicle.acceleration of PedestrianAwareIDMVehicle #456: [34.00000004 -2.00000007]>
4792513888,14.0,-5.84116679753793,-1.754900882575209,1,3.9999999999942633,<bound method PedestrianAwareIDMVehicle.acceleration of PedestrianAwareIDMVehicle #888: [-5.9999999  59.57795756]>
5024137392,14.0,-27.000613302378863,1.9999966424826041,0,0.0005601668895961393,<bound method PedestrianAwareIDMVehicle.acceleration of PedestrianAwareIDMVehicle #392: [-27.           1.99999996]>
5024137488,14.0,33.236441479965094,2.052142131592037,0,3.9999999999999996,<bound method PedestrianAwareIDMVehicle.acceleration of PedestrianAwareIDMVehicle #488: [97.23628477  2.00000002]>
5024070352,14.0,27.00583595396064,-2.000239718369786,0,0.005310952097029559,<bound method PedestrianAwareIDMVehicle.acceleration of PedestrianAwareIDMVehicle #352: [27.         -1.99999994]>
4777690176,14.0,-2.5789477053121046,6.131100685185682,0,1.4707543860679566,<bound method IDMVehicle.acceleration of IDMVehicle #176: [-43.88139516  -5.99934935]>
4819841968,14.0,63.70534302652308,-2.000000000000012,0,3.541124850063751,<bound method PedestrianAwareIDMVehicle.acceleration of PedestrianAwareIDMVehicle #968: [48.00136323 -1.99995483]>
4830955808,14.0,-71.58050562740534,2.0000000000000053,0,3.895911328178063,<bound method PedestrianAwareIDMVehicle.acceleration of PedestrianAwareIDMVehicle #808: [-34.07218401   1.99779467]>
4791743648,14.0,-2.000000000000011,-78.99878695843688,0,3.9999999999997655,<bound method PedestrianAwareIDMVehicle.acceleration of PedestrianAwareIDMVehicle #648: [ -1.48339192 -15.0361935 ]>
4970293936,14.0,91.65342716419855,-2.000000000000017,0,3.75082846129989,<bound method PedestrianAwareIDMVehicle.acceleration of PedestrianAwareIDMVehicle #936: [55.05663924 -1.99785989]>
4970130768,14.0,-2.0000000000000133,-103.44692406112526,0,3.7080902705947327,<bound method PedestrianAwareIDMVehicle.acceleration of PedestrianAwareIDMVehicle #768: [ -2.         -43.42167351]>
5024071216,15.0,43.41968732763227,-1.9999999999678995,0,1.1345475012268746,<bound method PedestrianAwareIDMVehicle.acceleration of PedestrianAwareIDMVehicle #216: [41.00002451 -2.00000002]>
4970127456,15.0,34.04364317706572,-2.001594782436053,0,0.03598212648347616,<bound method PedestrianAwareIDMVehicle.acceleration of PedestrianAwareIDMVehicle #456: [34.00000004 -2.00000007]>
4792513888,15.0,-5.936839226204845,2.2438752916480804,1,3.999999999999999,<bound method PedestrianAwareIDMVehicle.acceleration of PedestrianAwareIDMVehicle #888: [-5.9999999  59.57795756]>
5024137392,15.0,-27.000299254528887,2.0000085494231854,0,0.00027346450297165343,<bound method PedestrianAwareIDMVehicle.acceleration of PedestrianAwareIDMVehicle #392: [-27.           1.99999996]>
5024137488,15.0,37.236309534456346,2.0207276010710977,0,3.9999999999999996,<bound method PedestrianAwareIDMVehicle.acceleration of PedestrianAwareIDMVehicle #488: [97.23628477  2.00000002]>
5024070352,15.0,27.002851518174367,-1.9999787610779558,0,0.0026036341295195037,<bound method PedestrianAwareIDMVehicle.acceleration of PedestrianAwareIDMVehicle #352: [27.         -1.99999994]>
4777690176,15.0,-2.65734937932919,7.293312884328543,0,-2.4756039309087052,<bound method IDMVehicle.acceleration of IDMVehicle #176: [-43.88139516  -5.99934935]>
4819841968,15.0,60.27705412203265,-2.000000000000011,0,3.3358588758338463,<bound method PedestrianAwareIDMVehicle.acceleration of PedestrianAwareIDMVehicle #968: [48.00136323 -1.99995483]>
4830955808,15.0,-67.69378048502267,2.0000000000000053,0,3.8752467697979243,<bound method PedestrianAwareIDMVehicle.acceleration of PedestrianAwareIDMVehicle #808: [-34.07218401   1.99779467]>
4791743648,15.0,-2.000000000000011,-74.99878695843692,0,3.9999999999999996,<bound method PedestrianAwareIDMVehicle.acceleration of PedestrianAwareIDMVehicle #648: [ -1.48339192 -15.0361935 ]>
4970293936,15.0,87.90642686838945,-2.0000000000000164,0,3.742100009588124,<bound method PedestrianAwareIDMVehicle.acceleration of PedestrianAwareIDMVehicle #936: [55.05663924 -1.99785989]>
4970130768,15.0,-2.0000000000000133,-99.73561177488448,0,3.714976523784366,<bound method PedestrianAwareIDMVehicle.acceleration of PedestrianAwareIDMVehicle #768: [ -2.         -43.42167351]>
5024071216,16.0,42.2594762749695,-2.0000000000000093,0,0.9807319291636978,<bound method PedestrianAwareIDMVehicle.acceleration of PedestrianAwareIDMVehicle #216: [41.00002451 -2.00000002]>
4970127456,16.0,34.02287118326494,-2.0001534508777854,0,0.01886982140078868,<bound method PedestrianAwareIDMVehicle.acceleration of PedestrianAwareIDMVehicle #456: [34.00000004 -2.00000007]>
4792513888,16.0,-5.9751000237267515,6.2268763141862165,1,3.7433656118646064,<bound method PedestrianAwareIDMVehicle.acceleration of PedestrianAwareIDMVehicle #888: [-5.9999999  59.57795756]>
5024137392,16.0,-27.000146040948426,1.9999971111507215,0,0.00013376247459156543,<bound method PedestrianAwareIDMVehicle.acceleration of PedestrianAwareIDMVehicle #392: [-27.           1.99999996]>
5024137488,16.0,41.23628868314518,2.0082393793327604,0,3.9999999999999996,<bound method PedestrianAwareIDMVehicle.acceleration of PedestrianAwareIDMVehicle #488: [97.23628477  2.00000002]>
5024070352,16.0,27.001381105884168,-2.0000080701587,0,0.0012799846091405627,<bound method PedestrianAwareIDMVehicle.acceleration of PedestrianAwareIDMVehicle #352: [27.         -1.99999994]>
4777690176,16.0,-1.0466800671312946,9.130327300239426,0,-2.9786522143311522,<bound method IDMVehicle.acceleration of IDMVehicle #176: [-43.88139516  -5.99934935]>
4819841968,16.0,57.026012424702856,-2.0000000000000107,0,3.1302881765569546,<bound method PedestrianAwareIDMVehicle.acceleration of PedestrianAwareIDMVehicle #968: [48.00136323 -1.99995483]>
4830955808,16.0,-63.83062293884665,2.0000000000000053,0,3.8479307042731903,<bound method PedestrianAwareIDMVehicle.acceleration of PedestrianAwareIDMVehicle #808: [-34.07218401   1.99779467]>
4791743648,16.0,-2.000000000000011,-70.99878695843694,0,3.9999999999999996,<bound method PedestrianAwareIDMVehicle.acceleration of PedestrianAwareIDMVehicle #648: [ -1.48339192 -15.0361935 ]>
4970293936,16.0,84.16947378010371,-2.0000000000000155,0,3.7300430376728393,<bound method PedestrianAwareIDMVehicle.acceleration of PedestrianAwareIDMVehicle #936: [55.05663924 -1.99785989]>
4970130768,16.0,-2.000000000000013,-96.01754203229144,0,3.7215364959478943,<bound method PedestrianAwareIDMVehicle.acceleration of PedestrianAwareIDMVehicle #768: [ -2.         -43.42167351]>
4811201168,16.0,108.12779471007528,-2.00000000000002,0,3.7131026251970987,<bound method PedestrianAwareIDMVehicle.acceleration of PedestrianAwareIDMVehicle #168: [63.2765697 -2.       ]>
5024071216,17.0,41.523077331067476,-1.9999999999999691,0,0.48369520066506216,<bound method PedestrianAwareIDMVehicle.acceleration of PedestrianAwareIDMVehicle #216: [41.00002451 -2.00000002]>
4970127456,17.0,34.01207791793445,-1.9995497766231265,0,0.010019241181507956,<bound method PedestrianAwareIDMVehicle.acceleration of PedestrianAwareIDMVehicle #456: [34.00000004 -2.00000007]>
4792513888,17.0,-5.990362964278473,9.491471188120727,1,2.8058466063783154,<bound method PedestrianAwareIDMVehicle.acceleration of PedestrianAwareIDMVehicle #888: [-5.9999999  59.57795756]>
5024137392,17.0,-27.000054808976078,1.9999999637095938,0,5.786418678221116e-05,<bound method PedestrianAwareIDMVehicle.acceleration of PedestrianAwareIDMVehicle #392: [-27.           1.99999996]>
5024137488,17.0,45.236285388359555,2.00327519841585,0,3.9999999999999996,<bound method PedestrianAwareIDMVehicle.acceleration of PedestrianAwareIDMVehicle #488: [97.23628477  2.00000002]>
5024070352,17.0,27.00067052508297,-1.9999767833007212,0,0.0006157848091536096,<bound method PedestrianAwareIDMVehicle.acceleration of PedestrianAwareIDMVehicle #352: [27.         -1.99999994]>
4777690176,17.0,-0.3179700027742209,8.668741976685345,0,3.4628541553277197,<bound method IDMVehicle.acceleration of IDMVehicle #176: [-43.88139516  -5.99934935]>
4819841968,17.0,54.054551913695214,-2.00000000000001,0,2.7526112918448042,<bound method PedestrianAwareIDMVehicle.acceleration of PedestrianAwareIDMVehicle #968: [48.00136323 -1.99995483]>
4830955808,17.0,-59.99900641483325,2.000000000000005,0,3.8108758825796034,<bound method PedestrianAwareIDMVehicle.acceleration of PedestrianAwareIDMVehicle #808: [-34.07218401   1.99779467]>
4791743648,17.0,-2.0000000000000098,-66.99878695843695,0,3.9999999999999996,<bound method PedestrianAwareIDMVehicle.acceleration of PedestrianAwareIDMVehicle #648: [ -1.48339192 -15.0361935 ]>
4970293936,17.0,80.44813074847504,-2.000000000000015,0,3.7092637773937454,<bound method PedestrianAwareIDMVehicle.acceleration of PedestrianAwareIDMVehicle #936: [55.05663924 -1.99785989]>
4970130768,17.0,-2.000000000000013,-92.29308662754846,0,3.7277289145874337,<bound method PedestrianAwareIDMVehicle.acceleration of PedestrianAwareIDMVehicle #768: [ -2.         -43.42167351]>
4811201168,17.0,104.45487062519209,-2.0000000000000195,0,3.6630183410401322,<bound method PedestrianAwareIDMVehicle.acceleration of PedestrianAwareIDMVehicle #168: [63.2765697 -2.       ]>
5024071216,18.0,41.192092273789626,-2.000009967464203,0,0.19429794831596459,<bound method PedestrianAwareIDMVehicle.acceleration of PedestrianAwareIDMVehicle #216: [41.00002451 -2.00000002]>
4970127456,18.0,34.00633901958413,-1.9999942319693809,0,0.005298643530968101,<bound method PedestrianAwareIDMVehicle.acceleration of PedestrianAwareIDMVehicle #456: [34.00000004 -2.00000007]>
4792513888,18.0,-5.995947380984063,11.93611346284948,1,2.429033169046603,<bound method PedestrianAwareIDMVehicle.acceleration of PedestrianAwareIDMVehicle #888: [-5.9999999  59.57795756]>
5024137392,18.0,-27.00001736458581,1.9999999637101369,0,2.009861856904133e-05,<bound method PedestrianAwareIDMVehicle.acceleration of PedestrianAwareIDMVehicle #392: [-27.           1.99999996]>
5024137488,18.0,49.23628486774794,2.001301908202328,0,3.9999999999999996,<bound method PedestrianAwareIDMVehicle.acceleration of PedestrianAwareIDMVehicle #488: [97.23628477  2.00000002]>
5024070352,18.0,27.000325542768667,-2.0000045610040473,0,0.0002993563937369289,<bound method PedestrianAwareIDMVehicle.acceleration of PedestrianAwareIDMVehicle #352: [27.         -1.99999994]>
4777690176,18.0,0.11556250745936213,4.908740224296473,1,3.999991000484388,<bound method IDMVehicle.acceleration of IDMVehicle #176: [-43.88139516  -5.99934935]>
4819841968,18.0,51.56801076920689,-2.0000000000000093,0,2.138571484864989,<bound method PedestrianAwareIDMVehicle.acceleration of PedestrianAwareIDMVehicle #968: [48.00136323 -1.99995483]>
4830955808,18.0,-56.210801492980224,2.000000000000005,0,3.7590672831167815,<bound method PedestrianAwareIDMVehicle.acceleration of PedestrianAwareIDMVehicle #808: [-34.07218401   1.99779467]>
4791743648,18.0,-2.0000000000000098,-62.998786958436966,0,3.9999999999999996,<bound method PedestrianAwareIDMVehicle.acceleration of PedestrianAwareIDMVehicle #648: [ -1.48339192 -15.0361935 ]>
4970293936,18.0,76.75463523028267,-2.000000000000014,0,3.6713926683511606,<bound method PedestrianAwareIDMVehicle.acceleration of PedestrianAwareIDMVehicle #936: [55.05663924 -1.99785989]>
4970130768,18.0,-2.0000000000000124,-88.56259793030664,0,3.7335856942705288,<bound method PedestrianAwareIDMVehicle.acceleration of PedestrianAwareIDMVehicle #768: [ -2.         -43.42167351]>
4811201168,18.0,100.79173940972036,-2.0000000000000187,0,3.6631252125554057,<bound method PedestrianAwareIDMVehicle.acceleration of PedestrianAwareIDMVehicle #168: [63.2765697 -2.       ]>
5024071216,19.0,41.08619095870793,-1.99847685908168,0,0.07835707253594366,<bound method PedestrianAwareIDMVehicle.acceleration of PedestrianAwareIDMVehicle #216: [41.00002451 -2.00000002]>
4970127456,19.0,34.00330116897531,-2.0001214888622316,0,0.0027811372901536333,<bound method PedestrianAwareIDMVehicle.acceleration of PedestrianAwareIDMVehicle #456: [34.00000004 -2.00000007]>
4792513888,19.0,-5.997570129877715,15.578107651572974,1,3.9990131689143635,<bound method PedestrianAwareIDMVehicle.acceleration of PedestrianAwareIDMVehicle #888: [-5.9999999  59.57795756]>
5024137392,19.0,-27.000005002720403,1.999999963710316,0,6.171275610192352e-06,<bound method PedestrianAwareIDMVehicle.acceleration of PedestrianAwareIDMVehicle #392: [-27.           1.99999996]>
5024137488,19.0,53.236284785485914,2.0005175151316608,0,3.9999999999999996,<bound method PedestrianAwareIDMVehicle.acceleration of PedestrianAwareIDMVehicle #488: [97.23628477  2.00000002]>
5024070352,19.0,27.000158683556478,-1.9999966685383375,0,0.00014576140612123823,<bound method PedestrianAwareIDMVehicle.acceleration of PedestrianAwareIDMVehicle #352: [27.         -1.99999994]>
4777690176,19.0,-1.9524862087755916,1.5240193228778414,1,3.9999999999024283,<bound method IDMVehicle.acceleration of IDMVehicle #176: [-43.88139516  -5.99934935]>
4819841968,19.0,50.443908021030836,-1.999999999989299,0,-0.2781295045654528,<bound method PedestrianAwareIDMVehicle.acceleration of PedestrianAwareIDMVehicle #968: [48.00136323 -1.99995483]>
4830955808,19.0,-52.48433497152411,2.000000000000005,0,3.6840348775387257,<bound method PedestrianAwareIDMVehicle.acceleration of PedestrianAwareIDMVehicle #808: [-34.07218401   1.99779467]>
4791743648,19.0,-2.0000000000000084,-58.99878695843698,0,3.9999999999999996,<bound method PedestrianAwareIDMVehicle.acceleration of PedestrianAwareIDMVehicle #648: [ -1.48339192 -15.0361935 ]>
4970293936,19.0,73.12188370779867,-2.0000000000000138,0,3.550512233645992,<bound method PedestrianAwareIDMVehicle.acceleration of PedestrianAwareIDMVehicle #936: [55.05663924 -1.99785989]>
4970130768,19.0,-2.0000000000000124,-84.82639808131609,0,3.7391351478107606,<bound method PedestrianAwareIDMVehicle.acceleration of PedestrianAwareIDMVehicle #768: [ -2.         -43.42167351]>
4811201168,19.0,97.12926630520552,-2.000000000000018,0,3.6606776926772433,<bound method PedestrianAwareIDMVehicle.acceleration of PedestrianAwareIDMVehicle #168: [63.2765697 -2.       ]>
5024071216,20.0,41.04346136770863,-2.001075937853114,0,0.037713476153731565,<bound method PedestrianAwareIDMVehicle.acceleration of PedestrianAwareIDMVehicle #216: [41.00002451 -2.00000002]>
4970127456,20.0,34.001662936550154,-2.0000368239999937,0,0.0014213757230329715,<bound method PedestrianAwareIDMVehicle.acceleration of PedestrianAwareIDMVehicle #456: [34.00000004 -2.00000007]>
4792513888,20.0,-5.99903370615377,19.577957644205135,1,3.9999998325987165,<bound method PedestrianAwareIDMVehicle.acceleration of PedestrianAwareIDMVehicle #888: [-5.9999999  59.57795756]>
5024137392,20.0,-27.000001333720956,1.9999999637103696,0,1.7355875528600892e-06,<bound method PedestrianAwareIDMVehicle.acceleration of PedestrianAwareIDMVehicle #392: [-27.           1.99999996]>
5024137488,20.0,57.236284772487664,2.0002057148924397,0,3.9999999999999996,<bound method PedestrianAwareIDMVehicle.acceleration of PedestrianAwareIDMVehicle #488: [97.23628477  2.00000002]>
5024070352,20.0,27.000062401618642,-1.999999936629667,0,6.489270019449836e-05,<bound method PedestrianAwareIDMVehicle.acceleration of PedestrianAwareIDMVehicle #352: [27.         -1.99999994]>
4777690176,20.0,-4.871341151413232,-1.199702934301341,1,3.999999999999999,<bound method IDMVehicle.acceleration of IDMVehicle #176: [-43.88139516  -5.99934935]>
4819841968,20.0,49.810595553560375,-2.0000000331247496,0,1.0991211707544473,<bound method PedestrianAwareIDMVehicle.acceleration of PedestrianAwareIDMVehicle #968: [48.00136323 -1.99995483]>
4830955808,20.0,-48.84905865894509,2.0000000000000044,0,3.570910091625415,<bound method PedestrianAwareIDMVehicle.acceleration of PedestrianAwareIDMVehicle #808: [-34.07218401   1.99779467]>
4791743648,20.0,-2.0000000000000084,-54.998786958436995,0,3.9999999999999996,<bound method PedestrianAwareIDMVehicle.acceleration of PedestrianAwareIDMVehicle #648: [ -1.48339192 -15.0361935 ]>
4970293936,20.0,69.62583233716211,-2.000000000000013,0,3.4407798227126523,<bound method PedestrianAwareIDMVehicle.acceleration of PedestrianAwareIDMVehicle #936: [55.05663924 -1.99785989]>
4970130768,20.0,-2.000000000000011,-81.0847824388813,0,3.7444023951978256,<bound method PedestrianAwareIDMVehicle.acceleration of PedestrianAwareIDMVehicle #768: [ -2.         -43.42167351]>
4811201168,20.0,93.47172625066402,-2.0000000000000173,0,3.6537510428376874,<bound method PedestrianAwareIDMVehicle.acceleration of PedestrianAwareIDMVehicle #168: [63.2765697 -2.       ]>
5024066752,20.0,-107.52837107978942,2.0000000000000067,0,3.9456712860834675,<bound method PedestrianAwareIDMVehicle.acceleration of PedestrianAwareIDMVehicle #752: [-68.50887348   2.        ]>
5024071216,21.0,41.022318224562355,-1.9998089985543832,0,0.019156054932253867,<bound method PedestrianAwareIDMVehicle.acceleration of PedestrianAwareIDMVehicle #216: [41.00002451 -2.00000002]>
4970127456,21.0,34.00085621815603,-1.9999885939196325,0,0.0007413127353647213,<bound method PedestrianAwareIDMVehicle.acceleration of PedestrianAwareIDMVehicle #456: [34.00000004 -2.00000007]>
4792513888,21.0,-5.999615893257661,23.577957573497404,1,3.999999999971624,<bound method PedestrianAwareIDMVehicle.acceleration of PedestrianAwareIDMVehicle #888: [-5.9999999  59.57795756]>
5024137392,21.0,-27.000000330060395,1.9999999637103838,0,4.526620554678049e-07,<bound method PedestrianAwareIDMVehicle.acceleration of PedestrianAwareIDMVehicle #392: [-27.           1.99999996]>
5024137488,21.0,61.23628477043381,2.0000817727139566,0,3.9999999999999996,<bound method PedestrianAwareIDMVehicle.acceleration of PedestrianAwareIDMVehicle #488: [97.23628477  2.00000002]>
5024070352,21.0,27.000020048913804,-1.9999999366307823,0,2.299264835878274e-05,<bound method PedestrianAwareIDMVehicle.acceleration of PedestrianAwareIDMVehicle #352: [27.         -1.99999994]>
4777690176,21.0,-8.26989709140202,-3.2985702344177428,1,4.0,<bound method IDMVehicle.acceleration of IDMVehicle #176: [-43.88139516  -5.99934935]>
4819841968,21.0,48.851425272793534,-1.9999999994466102,0,0.7198384378529676,<bound method PedestrianAwareIDMVehicle.acceleration of PedestrianAwareIDMVehicle #968: [48.00136323 -1.99995483]>
4830955808,21.0,-45.35427127262887,2.0000000000000044,0,3.3928476156372547,<bound method PedestrianAwareIDMVehicle.acceleration of PedestrianAwareIDMVehicle #808: [-34.07218401   1.99779467]>
4791743648,21.0,-2.0000000000000084,-50.99878695843701,0,3.9999999999999996,<bound method PedestrianAwareIDMVehicle.acceleration of PedestrianAwareIDMVehicle #648: [ -1.48339192 -15.0361935 ]>
4970293936,21.0,66.25426088008736,-2.0000000000000124,0,3.2747494174331613,<bound method PedestrianAwareIDMVehicle.acceleration of PedestrianAwareIDMVehicle #936: [55.05663924 -1.99785989]>
4970130768,21.0,-2.000000000000011,-77.33802255710341,0,3.7494098090710226,<bound method PedestrianAwareIDMVehicle.acceleration of PedestrianAwareIDMVehicle #768: [ -2.         -43.42167351]>
4811201168,21.0,89.82254511659285,-2.000000000000017,0,3.6427918699138724,<bound method PedestrianAwareIDMVehicle.acceleration of PedestrianAwareIDMVehicle #168: [63.2765697 -2.       ]>
5024066752,21.0,-103.5852286461039,2.0000000000000067,0,3.941855290957477,<bound method PedestrianAwareIDMVehicle.acceleration of PedestrianAwareIDMVehicle #752: [-68.50887348   2.        ]>
5024057824,21.0,2.0,108.62827990862877,0,4.002933612956306,<bound method PedestrianAwareIDMVehicle.acceleration of PedestrianAwareIDMVehicle #824: [ 2.         72.62776006]>
5024071216,22.0,41.011505582582096,-1.9995577039937087,0,0.009858705968640668,<bound method PedestrianAwareIDMVehicle.acceleration of PedestrianAwareIDMVehicle #216: [41.00002451 -2.00000002]>
4970127456,22.0,34.000436053017886,-2.000013683384465,0,0.0003840094844868756,<bound method PedestrianAwareIDMVehicle.acceleration of PedestrianAwareIDMVehicle #456: [34.00000004 -2.00000007]>
4792513888,22.0,-5.999847315619947,27.577957566332614,1,3.999999999999995,<bound method PedestrianAwareIDMVehicle.acceleration of PedestrianAwareIDMVehicle #888: [-5.9999999  59.57795756]>
5024137392,22.0,-27.00000007514374,1.9999999637103878,0,1.094476375150963e-07,<bound method PedestrianAwareIDMVehicle.acceleration of PedestrianAwareIDMVehicle #392: [-27.           1.99999996]>
5024137488,22.0,65.2362847701093,2.0000325050688597,0,3.9999999999999996,<bound method PedestrianAwareIDMVehicle.acceleration of PedestrianAwareIDMVehicle #488: [97.23628477  2.00000002]>
5024070352,22.0,27.000005836205972,-1.999999936631142,0,7.1489478752961375e-06,<bound method PedestrianAwareIDMVehicle.acceleration of PedestrianAwareIDMVehicle #352: [27.         -1.99999994]>
4777690176,22.0,-11.984080847202826,-4.770459751772635,1,4.0,<bound method IDMVehicle.acceleration of IDMVehicle #176: [-43.88139516  -5.99934935]>
4819841968,22.0,48.33488496489473,-2.000027587087205,0,0.32148751329511843,<bound method PedestrianAwareIDMVehicle.acceleration of PedestrianAwareIDMVehicle #968: [48.00136323 -1.99995483]>
4830955808,22.0,-42.08508488687332,2.000000000000004,0,3.1019813457181526,<bound method PedestrianAwareIDMVehicle.acceleration of PedestrianAwareIDMVehicle #808: [-34.07218401   1.99779467]>
4791743648,22.0,-2.000000000000007,-46.99878695843702,0,3.9999999999999996,<bound method PedestrianAwareIDMVehicle.acceleration of PedestrianAwareIDMVehicle #648: [ -1.48339192 -15.0361935 ]>
4970293936,22.0,63.10040912119447,-2.0000000000000115,0,2.9908985889600026,<bound method PedestrianAwareIDMVehicle.acceleration of PedestrianAwareIDMVehicle #936: [55.05663924 -1.99785989]>
4970130768,22.0,-2.000000000000011,-73.58636875406964,0,3.7541773869136867,<bound method PedestrianAwareIDMVehicle.acceleration of PedestrianAwareIDMVehicle #768: [ -2.         -43.42167351]>
4811201168,22.0,86.18808991353347,-2.000000000000016,0,3.6228245461336614,<bound method PedestrianAwareIDMVehicle.acceleration of PedestrianAwareIDMVehicle #168: [63.2765697 -2.       ]>
5024066752,22.0,-99.64438934076192,2.000000000000006,0,3.939471893249415,<bound method PedestrianAwareIDMVehicle.acceleration of PedestrianAwareIDMVehicle #752: [-68.50887348   2.        ]>
5024057824,22.0,2.0,104.62776050313217,0,4.000002481186649,<bound method PedestrianAwareIDMVehicle.acceleration of PedestrianAwareIDMVehicle #824: [ 2.         72.62776006]>
5024071216,23.0,41.00593224126549,-2.0000021842682973,0,0.005088787549638018,<bound method PedestrianAwareIDMVehicle.acceleration of PedestrianAwareIDMVehicle #216: [41.00002451 -2.00000002]>
4970127456,23.0,34.000217323662795,-1.999996952943398,0,0.0001947809611929483,<bound method PedestrianAwareIDMVehicle.acceleration of PedestrianAwareIDMVehicle #456: [34.00000004 -2.00000007]>
4792513888,23.0,-5.999939307183918,31.577957565201185,1,3.9999999999999996,<bound method PedestrianAwareIDMVehicle.acceleration of PedestrianAwareIDMVehicle #888: [-5.9999999  59.57795756]>
5024137392,23.0,-27.000000015302813,1.9999999637103878,0,2.4206880010754345e-08,<bound method PedestrianAwareIDMVehicle.acceleration of PedestrianAwareIDMVehicle #392: [-27.           1.99999996]>
5024137488,23.0,69.236284770058,2.00001292092986,0,3.9999999999999996,<bound method PedestrianAwareIDMVehicle.acceleration of PedestrianAwareIDMVehicle #488: [97.23628477  2.00000002]>
5024070352,23.0,27.0000015701888,-1.9999999366312498,0,2.0303630997678855e-06,<bound method PedestrianAwareIDMVehicle.acceleration of PedestrianAwareIDMVehicle #352: [27.         -1.99999994]>
4777690176,23.0,-15.89166130431362,-5.6040055636541055,1,4.0,<bound method IDMVehicle.acceleration of IDMVehicle #176: [-43.88139516  -5.99934935]>
4819841968,23.0,48.152863436913485,-1.9988701376804825,0,0.13624472404876814,<bound method PedestrianAwareIDMVehicle.acceleration of PedestrianAwareIDMVehicle #968: [48.00136323 -1.99995483]>
4830955808,23.0,-39.18690033390743,2.000000000000004,0,2.6251589010231355,<bound method PedestrianAwareIDMVehicle.acceleration of PedestrianAwareIDMVehicle #808: [-34.07218401   1.99779467]>
4791743648,23.0,-2.000000000000007,-42.99878695843704,0,3.9999999999999996,<bound method PedestrianAwareIDMVehicle.acceleration of PedestrianAwareIDMVehicle #648: [ -1.48339192 -15.0361935 ]>
4970293936,23.0,60.305001125546795,-2.000000000000011,0,2.536085880418774,<bound method PedestrianAwareIDMVehicle.acceleration of PedestrianAwareIDMVehicle #936: [55.05663924 -1.99785989]>
4970130768,23.0,-2.0000000000000098,-69.83005233668402,0,3.7587230636370736,<bound method PedestrianAwareIDMVehicle.acceleration of PedestrianAwareIDMVehicle #768: [ -2.         -43.42167351]>
4811201168,23.0,82.5804227011336,-2.0000000000000155,0,3.5864372212906988,<bound method PedestrianAwareIDMVehicle.acceleration of PedestrianAwareIDMVehicle #168: [63.2765697 -2.       ]>
5024066752,23.0,-95.70660377356815,2.000000000000006,0,3.935484373993738,<bound method PedestrianAwareIDMVehicle.acceleration of PedestrianAwareIDMVehicle #752: [-68.50887348   2.        ]>
5024057824,23.0,2.0,100.62776006355693,0,4.000000002101935,<bound method PedestrianAwareIDMVehicle.acceleration of PedestrianAwareIDMVehicle #824: [ 2.         72.62776006]>
5024071216,24.0,41.003021455053734,-1.9998994264273444,0,0.002603917133221397,<bound method PedestrianAwareIDMVehicle.acceleration of PedestrianAwareIDMVehicle #216: [41.00002451 -2.00000002]>
4970127456,24.0,34.00009917698826,-2.0000001644405225,0,9.54674895473471e-05,<bound method PedestrianAwareIDMVehicle.acceleration of PedestrianAwareIDMVehicle #456: [34.00000004 -2.00000007]>
4792513888,24.0,-5.999975874297542,35.57795756502241,1,3.9999999999999996,<bound method PedestrianAwareIDMVehicle.acceleration of PedestrianAwareIDMVehicle #888: [-5.9999999  59.57795756]>
5024137392,24.0,-27.00000000257471,1.9999999637103878,0,4.716377287880118e-09,<bound method PedestrianAwareIDMVehicle.acceleration of PedestrianAwareIDMVehicle #392: [-27.           1.99999996]>
5024137488,24.0,73.23628477004992,2.0000051361352025,0,3.9999999999999996,<bound method PedestrianAwareIDMVehicle.acceleration of PedestrianAwareIDMVehicle #488: [97.23628477  2.00000002]>
5024070352,24.0,27.000000392234845,-1.9999999366312793,0,5.34357901114436e-07,<bound method PedestrianAwareIDMVehicle.acceleration of PedestrianAwareIDMVehicle #352: [27.         -1.99999994]>
4777690176,24.0,-19.88296104741083,-5.835152002088929,1,4.0,<bound method IDMVehicle.acceleration of IDMVehicle #176: [-43.88139516  -5.99934935]>
4819841968,24.0,48.07664706781844,-2.0011725805343463,0,0.06639889423633376,<bound method PedestrianAwareIDMVehicle.acceleration of PedestrianAwareIDMVehicle #968: [48.00136323 -1.99995483]>
4830955808,24.0,-38.256370833609004,1.9999999999692781,0,0.9814370915543071,<bound method PedestrianAwareIDMVehicle.acceleration of PedestrianAwareIDMVehicle #808: [-34.07218401   1.99779467]>
4791743648,24.0,-2.000000000000007,-38.99878695843705,0,3.9999999999999996,<bound method PedestrianAwareIDMVehicle.acceleration of PedestrianAwareIDMVehicle #648: [ -1.48339192 -15.0361935 ]>
4970293936,24.0,58.05673751877855,-2.0000000000000107,0,1.8895674734906847,<bound method PedestrianAwareIDMVehicle.acceleration of PedestrianAwareIDMVehicle #936: [55.05663924 -1.99785989]>
4970130768,24.0,-2.0000000000000098,-66.0692875364322,0,3.7630629754938525,<bound method PedestrianAwareIDMVehicle.acceleration of PedestrianAwareIDMVehicle #768: [ -2.         -43.42167351]>
4811201168,24.0,79.02174470842002,-2.0000000000000147,0,3.519965264808903,<bound method PedestrianAwareIDMVehicle.acceleration of PedestrianAwareIDMVehicle #168: [63.2765697 -2.       ]>
5024066752,24.0,-91.77999227782189,2.000000000000006,0,3.917883174256006,<bound method PedestrianAwareIDMVehicle.acceleration of PedestrianAwareIDMVehicle #752: [-68.50887348   2.        ]>
5024057824,24.0,2.0,96.62776006318457,0,4.000000000001781,<bound method PedestrianAwareIDMVehicle.acceleration of PedestrianAwareIDMVehicle #824: [ 2.         72.62776006]>
5024071216,25.0,41.00146860477995,-2.0000545569612287,0,0.0013157382528945199,<bound method PedestrianAwareIDMVehicle.acceleration of PedestrianAwareIDMVehicle #216: [41.00002451 -2.00000002]>
4970127456,25.0,34.00003412562833,-2.000000067448256,0,3.733757579275352e-05,<bound method PedestrianAwareIDMVehicle.acceleration of PedestrianAwareIDMVehicle #456: [34.00000004 -2.00000007]>
4792513888,25.0,-5.999990409910815,39.57795756499416,1,3.9999999999999996,<bound method PedestrianAwareIDMVehicle.acceleration of PedestrianAwareIDMVehicle #888: [-5.9999999  59.57795756]>
5024137392,25.0,-27.00000000025146,1.9999999637103878,0,7.219728362341134e-10,<bound method PedestrianAwareIDMVehicle.acceleration of PedestrianAwareIDMVehicle #392: [-27.           1.99999996]>
5024137488,25.0,77.23628477004863,2.0000020416398128,0,3.9999999999999996,<bound method PedestrianAwareIDMVehicle.acceleration of PedestrianAwareIDMVehicle #488: [97.23628477  2.00000002]>
5024070352,25.0,27.000000090307893,-1.9999999366312868,0,1.3046196095466527e-07,<bound method PedestrianAwareIDMVehicle.acceleration of PedestrianAwareIDMVehicle #352: [27.         -1.99999994]>
4777690176,25.0,-23.881642830764406,-5.934445385898209,1,4.0,<bound method IDMVehicle.acceleration of IDMVehicle #176: [-43.88139516  -5.99934935]>
4819841968,25.0,48.039418545295966,-1.998931760121625,0,0.033773091512023394,<bound method PedestrianAwareIDMVehicle.acceleration of PedestrianAwareIDMVehicle #968: [48.00136323 -1.99995483]>
4830955808,25.0,-36.664683017643725,2.0000000000000027,0,1.7205014994375352,<bound method PedestrianAwareIDMVehicle.acceleration of PedestrianAwareIDMVehicle #808: [-34.07218401   1.99779467]>
4791743648,25.0,-2.0000000000000058,-34.998786958437066,0,3.9999999999999996,<bound method PedestrianAwareIDMVehicle.acceleration of PedestrianAwareIDMVehicle #648: [ -1.48339192 -15.0361935 ]>
4970293936,25.0,57.5930768936751,-2.0000003203503067,0,0.7799633138601477,<bound method PedestrianAwareIDMVehicle.acceleration of PedestrianAwareIDMVehicle #936: [55.05663924 -1.99785989]>
4970130768,25.0,-2.0000000000000098,-62.30427320053275,0,3.7672116840114134,<bound method PedestrianAwareIDMVehicle.acceleration of PedestrianAwareIDMVehicle #768: [ -2.         -43.42167351]>
4811201168,25.0,75.59939754400452,-2.000000000000014,0,3.308197153713307,<bound method PedestrianAwareIDMVehicle.acceleration of PedestrianAwareIDMVehicle #168: [63.2765697 -2.       ]>
5024066752,25.0,-87.86158840636426,2.0000000000000058,0,3.9166983635432,<bound method PedestrianAwareIDMVehicle.acceleration of PedestrianAwareIDMVehicle #752: [-68.50887348   2.        ]>
5024057824,25.0,2.0,92.62776006318428,0,4.000000000000001,<bound method PedestrianAwareIDMVehicle.acceleration of PedestrianAwareIDMVehicle #824: [ 2.         72.62776006]>
4792771904,25.0,-108.61369258197635,2.0000000000000067,0,3.5955392298013567,<bound method PedestrianAwareIDMVehicle.acceleration of PedestrianAwareIDMVehicle #904: [-90.69158881   2.        ]>
5024071216,26.0,41.00072859778993,-1.999995405851335,0,0.0006493433396976095,<bound method PedestrianAwareIDMVehicle.acceleration of PedestrianAwareIDMVehicle #216: [41.00002451 -2.00000002]>
4970127456,26.0,34.00001046305448,-2.000000067447619,0,1.2355898503449419e-05,<bound method PedestrianAwareIDMVehicle.acceleration of PedestrianAwareIDMVehicle #456: [34.00000004 -2.00000007]>
4792513888,26.0,-5.99999618789087,43.5779575649897,1,3.9999999999999996,<bound method PedestrianAwareIDMVehicle.acceleration of PedestrianAwareIDMVehicle #888: [-5.9999999  59.57795756]>
5024137392,26.0,-26.99999999995076,1.9999999637103878,0,4.1452840323768645e-11,<bound method PedestrianAwareIDMVehicle.acceleration of PedestrianAwareIDMVehicle #392: [-27.           1.99999996]>
5024137488,26.0,81.23628477004843,2.0000008115621886,0,3.9999999999999996,<bound method PedestrianAwareIDMVehicle.acceleration of PedestrianAwareIDMVehicle #488: [97.23628477  2.00000002]>
5024070352,26.0,27.00000001869379,-1.9999999366312884,0,2.9211120531659127e-08,<bound method PedestrianAwareIDMVehicle.acceleration of PedestrianAwareIDMVehicle #352: [27.         -1.99999994]>
4777690176,26.0,-27.881434280379505,-5.973940040428285,1,4.0,<bound method IDMVehicle.acceleration of IDMVehicle #176: [-43.88139516  -5.99934935]>
4819841968,26.0,48.02032511030759,-2.0000702473735257,0,0.017434238414144883,<bound method PedestrianAwareIDMVehicle.acceleration of PedestrianAwareIDMVehicle #968: [48.00136323 -1.99995483]>
4830955808,26.0,-36.12193190247399,1.9999999999262261,0,1.0213682828775,<bound method PedestrianAwareIDMVehicle.acceleration of PedestrianAwareIDMVehicle #808: [-34.07218401   1.99779467]>
4791743648,26.0,-2.0000000000000058,-30.99878695843708,0,3.9999999999999996,<bound method PedestrianAwareIDMVehicle.acceleration of PedestrianAwareIDMVehicle #648: [ -1.48339192 -15.0361935 ]>
4970293936,26.0,56.50231169322068,-1.9999999999038234,0,1.0807827386770001,<bound method PedestrianAwareIDMVehicle.acceleration of PedestrianAwareIDMVehicle #936: [55.05663924 -1.99785989]>
4970130768,26.0,-2.0000000000000084,-58.535194275083974,0,3.771182366895059,<bound method PedestrianAwareIDMVehicle.acceleration of PedestrianAwareIDMVehicle #768: [ -2.         -43.42167351]>
4811201168,26.0,72.3634711280932,-2.0000000000000133,0,3.1382900531314544,<bound method PedestrianAwareIDMVehicle.acceleration of PedestrianAwareIDMVehicle #168: [63.2765697 -2.       ]>
5024066752,26.0,-83.95595088464512,2.0000000000000058,0,3.899303246827024,<bound method PedestrianAwareIDMVehicle.acceleration of PedestrianAwareIDMVehicle #752: [-68.50887348   2.        ]>
5024057824,26.0,2.0,88.6277600631843,0,4.000000000000001,<bound method PedestrianAwareIDMVehicle.acceleration of PedestrianAwareIDMVehicle #824: [ 2.         72.62776006]>
4792771904,26.0,-105.04580140296845,2.0000000000000067,0,3.566113622106988,<bound method PedestrianAwareIDMVehicle.acceleration of PedestrianAwareIDMVehicle #904: [-90.69158881   2.        ]>
5023132816,26.0,-2.0000000000000133,-106.34393929153137,0,3.9290812958646204,<bound method PedestrianAwareIDMVehicle.acceleration of PedestrianAwareIDMVehicle #816: [ -2.         -90.63837472]>
5024071216,27.0,41.00036143723923,-2.000009938067515,0,0.0003242844675916514,<bound method PedestrianAwareIDMVehicle.acceleration of PedestrianAwareIDMVehicle #216: [41.00002451 -2.00000002]>
4970127456,27.0,34.000002949301965,-2.0000000674474165,0,3.6889645659278906e-06,<bound method PedestrianAwareIDMVehicle.acceleration of PedestrianAwareIDMVehicle #456: [34.00000004 -2.00000007]>
4792513888,27.0,-5.99999848466727,47.577957564989,1,3.9999999999999996,<bound method PedestrianAwareIDMVehicle.acceleration of PedestrianAwareIDMVehicle #888: [-5.9999999  59.57795756]>
5024137392,27.0,-26.999999999958014,1.9999999637101797,0,-2.844644603526333e-11,<bound method PedestrianAwareIDMVehicle.acceleration of PedestrianAwareIDMVehicle #392: [-27.           1.99999996]>
5024137488,27.0,85.23628477004841,2.0000003226000898,0,3.9999999999999996,<bound method PedestrianAwareIDMVehicle.acceleration of PedestrianAwareIDMVehicle #488: [97.23628477  2.00000002]>
5024070352,27.0,27.00000000324684,-1.9999999366312884,0,5.801491807278997e-09,<bound method PedestrianAwareIDMVehicle.acceleration of PedestrianAwareIDMVehicle #352: [27.         -1.99999994]>
4777690176,27.0,-31.881401320867365,-5.989640929063015,1,4.0,<bound method IDMVehicle.acceleration of IDMVehicle #176: [-43.88139516  -5.99934935]>
4819841968,27.0,48.01033086048449,-2.000276408925636,0,0.008923905460313384,<bound method PedestrianAwareIDMVehicle.acceleration of PedestrianAwareIDMVehicle #968: [48.00136323 -1.99995483]>
4830955808,27.0,-35.07631189597686,2.000000000000091,0,0.8758547752333851,<bound method PedestrianAwareIDMVehicle.acceleration of PedestrianAwareIDMVehicle #808: [-34.07218401   1.99779467]>
4791743648,27.0,-2.0000000000000058,-26.998786958437094,0,3.9999999999999996,<bound method PedestrianAwareIDMVehicle.acceleration of PedestrianAwareIDMVehicle #648: [ -1.48339192 -15.0361935 ]>
4970293936,27.0,55.65402974884691,-2.0000000000505977,0,0.5845183549728419,<bound method PedestrianAwareIDMVehicle.acceleration of PedestrianAwareIDMVehicle #936: [55.05663924 -1.99785989]>
4970130768,27.0,-2.0000000000000084,-54.762223110527486,0,3.7749869814953185,<bound method PedestrianAwareIDMVehicle.acceleration of PedestrianAwareIDMVehicle #768: [ -2.         -43.42167351]>
4811201168,27.0,69.35078883253556,-2.000000000000013,0,2.8413814219256213,<bound method PedestrianAwareIDMVehicle.acceleration of PedestrianAwareIDMVehicle #168: [63.2765697 -2.       ]>
5024066752,27.0,-80.0612196950459,2.0000000000000058,0,3.887274654571527,<bound method PedestrianAwareIDMVehicle.acceleration of PedestrianAwareIDMVehicle #752: [-68.50887348   2.        ]>
5024057824,27.0,2.0,84.62776006318431,0,4.000000000000001,<bound method PedestrianAwareIDMVehicle.acceleration of PedestrianAwareIDMVehicle #824: [ 2.         72.62776006]>
4792771904,27.0,-101.47357992265174,2.0000000000000067,0,3.578998466818685,<bound method PedestrianAwareIDMVehicle.acceleration of PedestrianAwareIDMVehicle #904: [-90.69158881   2.        ]>
5023132816,27.0,-2.000000000000013,-102.41664221310444,0,3.926742167070427,<bound method PedestrianAwareIDMVehicle.acceleration of PedestrianAwareIDMVehicle #816: [ -2.         -90.63837472]>
5024071216,28.0,41.00017873760404,-1.999996948581076,0,0.00016181449401524465,<bound method PedestrianAwareIDMVehicle.acceleration of PedestrianAwareIDMVehicle #216: [41.00002451 -2.00000002]>
4970127456,28.0,34.00000077262486,-2.0000000674473575,0,1.0172694512450236e-06,<bound method PedestrianAwareIDMVehicle.acceleration of PedestrianAwareIDMVehicle #456: [34.00000004 -2.00000007]>
4792513888,28.0,-5.999999397647547,51.57795756498889,1,3.9999999999999996,<bound method PedestrianAwareIDMVehicle.acceleration of PedestrianAwareIDMVehicle #888: [-5.9999999  59.57795756]>
5024137392,28.0,-26.999999999982208,1.9999999637098134,0,-1.7163145815182233e-11,<bound method PedestrianAwareIDMVehicle.acceleration of PedestrianAwareIDMVehicle #392: [-27.           1.99999996]>
5024137488,28.0,89.2362847700484,2.000000128235173,0,3.9999999999999996,<bound method PedestrianAwareIDMVehicle.acceleration of PedestrianAwareIDMVehicle #488: [97.23628477  2.00000002]>
5024070352,28.0,27.000000000358366,-1.9999999366312884,0,9.266945303242727e-10,<bound method PedestrianAwareIDMVehicle.acceleration of PedestrianAwareIDMVehicle #352: [27.         -1.99999994]>
4777690176,28.0,-35.881396112765536,-5.995882210144251,1,4.0,<bound method IDMVehicle.acceleration of IDMVehicle #176: [-43.88139516  -5.99934935]>
4819841968,28.0,48.0053029938257,-1.9999752506644037,0,0.004573752839070996,<bound method PedestrianAwareIDMVehicle.acceleration of PedestrianAwareIDMVehicle #968: [48.00136323 -1.99995483]>
4830955808,28.0,-34.42811110568328,1.9999999999660334,0,0.41602092135688745,<bound method PedestrianAwareIDMVehicle.acceleration of PedestrianAwareIDMVehicle #808: [-34.07218401   1.99779467]>
4791743648,28.0,-2.0000000000000044,-22.99878695843711,0,3.9999999999999996,<bound method PedestrianAwareIDMVehicle.acceleration of PedestrianAwareIDMVehicle #648: [ -1.48339192 -15.0361935 ]>
4970293936,28.0,55.24569690503586,-1.9997378150685894,0,0.24596210991437314,<bound method PedestrianAwareIDMVehicle.acceleration of PedestrianAwareIDMVehicle #936: [55.05663924 -1.99785989]>
4970130768,28.0,-2.0000000000000084,-50.985520614671444,0,3.7786364053697334,<bound method PedestrianAwareIDMVehicle.acceleration of PedestrianAwareIDMVehicle #768: [ -2.         -43.42167351]>
4811201168,28.0,66.71475808212479,-2.0000000000000124,0,2.3664996595264776,<bound method PedestrianAwareIDMVehicle.acceleration of PedestrianAwareIDMVehicle #168: [63.2765697 -2.       ]>
5024066752,28.0,-76.18329976738711,2.0000000000000058,0,3.8659897591945356,<bound method PedestrianAwareIDMVehicle.acceleration of PedestrianAwareIDMVehicle #752: [-68.50887348   2.        ]>
5024057824,28.0,2.0,80.62776006318433,0,4.000000000000001,<bound method PedestrianAwareIDMVehicle.acceleration of PedestrianAwareIDMVehicle #824: [ 2.         72.62776006]>
4792771904,28.0,-97.88921690506498,2.0000000000000067,0,3.590155968399544,<bound method PedestrianAwareIDMVehicle.acceleration of PedestrianAwareIDMVehicle #904: [-90.69158881   2.        ]>
5023132816,28.0,-2.000000000000013,-98.49011063319607,0,3.9262929800882636,<bound method PedestrianAwareIDMVehicle.acceleration of PedestrianAwareIDMVehicle #816: [ -2.         -90.63837472]>
5024071216,29.0,41.0000743051781,-2.000000020618655,0,7.516882448720795e-05,<bound method PedestrianAwareIDMVehicle.acceleration of PedestrianAwareIDMVehicle #216: [41.00002451 -2.00000002]>
4970127456,29.0,34.00000018791178,-2.000000067447342,0,2.609208713301859e-07,<bound method PedestrianAwareIDMVehicle.acceleration of PedestrianAwareIDMVehicle #456: [34.00000004 -2.00000007]>
4792513888,29.0,-5.99999976056184,55.57795756498888,1,3.9999999999999996,<bound method PedestrianAwareIDMVehicle.acceleration of PedestrianAwareIDMVehicle #888: [-5.9999999  59.57795756]>
5024137392,29.0,-26.999999999993904,1.999999963709636,0,-6.7075094584723615e-12,<bound method PedestrianAwareIDMVehicle.acceleration of PedestrianAwareIDMVehicle #392: [-27.           1.99999996]>
5024137488,29.0,93.23628477004839,2.000000050974132,0,3.9999999999999996,<bound method PedestrianAwareIDMVehicle.acceleration of PedestrianAwareIDMVehicle #488: [97.23628477  2.00000002]>
5024070352,29.0,26.999999999958685,-1.9999999366312884,0,7.04407957418488e-11,<bound method PedestrianAwareIDMVehicle.acceleration of PedestrianAwareIDMVehicle #352: [27.         -1.99999994]>
4777690176,29.0,-39.881395289827886,-5.998363157218243,1,4.0,<bound method IDMVehicle.acceleration of IDMVehicle #176: [-43.88139516  -5.99934935]>
4819841968,29.0,48.00267688621601,-2.0000335731502448,0,0.0023309154240092854,<bound method PedestrianAwareIDMVehicle.acceleration of PedestrianAwareIDMVehicle #968: [48.00136323 -1.99995483]>
4830955808,29.0,-34.15458687456223,2.0029399787223374,0,0.16028060126460256,<bound method PedestrianAwareIDMVehicle.acceleration of PedestrianAwareIDMVehicle #808: [-34.07218401   1.99779467]>
4791743648,29.0,-1.9940777672253447,-18.998852728124664,0,3.9999999999999996,<bound method PedestrianAwareIDMVehicle.acceleration of PedestrianAwareIDMVehicle #648: [ -1.48339192 -15.0361935 ]>
4970293936,29.0,55.114191778392055,-2.0002506979704897,0,0.10393349373638557,<bound method PedestrianAwareIDMVehicle.acceleration of PedestrianAwareIDMVehicle #936: [55.05663924 -1.99785989]>
4970130768,29.0,-2.000000000000007,-47.20523727439567,0,3.7821405576289266,<bound method PedestrianAwareIDMVehicle.acceleration of PedestrianAwareIDMVehicle #768: [ -2.         -43.42167351]>
4811201168,29.0,64.64512964831965,-2.000000000000012,0,1.7028475692017786,<bound method PedestrianAwareIDMVehicle.acceleration of PedestrianAwareIDMVehicle #168: [63.2765697 -2.       ]>
5024066752,29.0,-72.32989584993238,2.0000000000000053,0,3.8376582039705758,<bound method PedestrianAwareIDMVehicle.acceleration of PedestrianAwareIDMVehicle #752: [-68.50887348   2.        ]>
5024057824,29.0,2.0,76.62776006318434,0,4.000000000000001,<bound method PedestrianAwareIDMVehicle.acceleration of PedestrianAwareIDMVehicle #824: [ 2.         72.62776006]>
4792771904,29.0,-94.29458029490542,2.000000000000006,0,3.5994187840448264,<bound method PedestrianAwareIDMVehicle.acceleration of PedestrianAwareIDMVehicle #904: [-90.69158881   2.        ]>
5023132816,29.0,-2.0000000000000124,-94.56402389857465,0,3.925852385557668,<bound method PedestrianAwareIDMVehicle.acceleration of PedestrianAwareIDMVehicle #816: [ -2.         -90.63837472]>
5024071216,30.0,41.00002451213386,-2.000000020490982,0,2.758500846182075e-05,<bound method PedestrianAwareIDMVehicle.acceleration of PedestrianAwareIDMVehicle #216: [41.00002451 -2.00000002]>
4970127456,30.0,34.00000004185517,-2.0000000674473384,0,6.197928634672729e-08,<bound method PedestrianAwareIDMVehicle.acceleration of PedestrianAwareIDMVehicle #456: [34.00000004 -2.00000007]>
4792513888,30.0,-5.999999904822114,59.577957564988864,1,3.9999999999999996,<bound method PedestrianAwareIDMVehicle.acceleration of PedestrianAwareIDMVehicle #888: [-5.9999999  59.57795756]>
5024137392,30.0,-26.999999999998145,1.9999999637095718,0,-2.2063988631160675e-12,<bound method PedestrianAwareIDMVehicle.acceleration of PedestrianAwareIDMVehicle #392: [-27.           1.99999996]>
5024137488,30.0,97.23628477004837,2.000000020262476,0,3.9999999999999996,<bound method PedestrianAwareIDMVehicle.acceleration of PedestrianAwareIDMVehicle #488: [97.23628477  2.00000002]>
5024070352,30.0,26.999999999954692,-1.9999999366310175,0,-2.783543585523429e-11,<bound method PedestrianAwareIDMVehicle.acceleration of PedestrianAwareIDMVehicle #352: [27.         -1.99999994]>
4777690176,30.0,-43.88139515979517,-5.999349346660073,1,4.0,<bound method IDMVehicle.acceleration of IDMVehicle #176: [-43.88139516  -5.99934935]>
4819841968,30.0,48.00136323426293,-1.999954832974213,0,0.0011955936842800068,<bound method PedestrianAwareIDMVehicle.acceleration of PedestrianAwareIDMVehicle #968: [48.00136323 -1.99995483]>
4830955808,30.0,-34.07218401097873,1.9977946716817234,0,0.0678603191152984,<bound method PedestrianAwareIDMVehicle.acceleration of PedestrianAwareIDMVehicle #808: [-34.07218401   1.99779467]>
4791743648,30.0,-1.483391919924665,-15.036193503327945,0,3.9999999999999996,<bound method PedestrianAwareIDMVehicle.acceleration of PedestrianAwareIDMVehicle #648: [ -1.48339192 -15.0361935 ]>
4970293936,30.0,55.05663924172395,-1.9978598933675722,0,0.050029131729532224,<bound method PedestrianAwareIDMVehicle.acceleration of PedestrianAwareIDMVehicle #936: [55.05663924 -1.99785989]>
4970130768,30.0,-2.000000000000007,-43.42167351380975,0,3.7848339043818955,<bound method PedestrianAwareIDMVehicle.acceleration of PedestrianAwareIDMVehicle #768: [ -2.         -43.42167351]>
4811201168,30.0,63.2765697048966,-2.0000000000000115,0,1.0015056041640693,<bound method PedestrianAwareIDMVehicle.acceleration of PedestrianAwareIDMVehicle #168: [63.2765697 -2.       ]>
5024066752,30.0,-68.50887348303453,2.0000000000000053,0,3.8001210248935258,<bound method PedestrianAwareIDMVehicle.acceleration of PedestrianAwareIDMVehicle #752: [-68.50887348   2.        ]>
5024057824,30.0,2.0,72.62776006318435,0,4.000000000000001,<bound method PedestrianAwareIDMVehicle.acceleration of PedestrianAwareIDMVehicle #824: [ 2.         72.62776006]>
4792771904,30.0,-90.69158881219637,2.000000000000006,0,3.6067093572906423,<bound method PedestrianAwareIDMVehicle.acceleration of PedestrianAwareIDMVehicle #904: [-90.69158881   2.        ]>
5023132816,30.0,-2.0000000000000124,-90.63837472140584,0,3.925416776154022,<bound method PedestrianAwareIDMVehicle.acceleration of PedestrianAwareIDMVehicle #816: [ -2.         -90.63837472]>
